{
  "palette": [
    [
      25,
      28,
      27
    ],
    [
      38,
      43,
      40
    ],
    [
      52,
      58,
      54
    ],
    [
      67,
      74,
      69
    ],
    [
      83,
      91,
      85
    ],
    [
      101,
      110,
      103
    ],
    [
      121,
      131,
      123
    ]
  ],
  "sheets": {
    "assets\\characters\\player_preview\\female\\light\\black\\walk_cycle_long.png": {
      "recolored_pixels": 28841,
      "frame_medians_before": [
        0.2196078431372549,
        0.2196078431372549,
        0.2196078431372549,
        0.2196078431372549,
        0.2235294117647059,
        0.2235294117647059,
        0.20392156862745098,
        0.20392156862745098,
        0.20784313725490197,
        0.20784313725490197,
        0.20784313725490197,
        0.20784313725490197,
        0.15294117647058825,
        0.16470588235294117,
        0.17647058823529413,
        0.19215686274509805,
        0.18823529411764706,
        0.18823529411764706,
        0.13725490196078433,
        0.1411764705882353,
        0.1411764705882353,
        0.1411764705882353,
        0.1450980392156863,
        0.1450980392156863
      ],
      "target_median": 0.19803921568627453
    },
    "assets\\characters\\player_preview\\female\\light\\black\\walk_cycle_native.png": {
      "recolored_pixels": 465233,
      "frame_medians_before": [
        0.2196078431372549,
        0.2196078431372549,
        0.2196078431372549,
        0.2196078431372549,
        0.2235294117647059,
        0.21568627450980393,
        0.20392156862745098,
        0.20392156862745098,
        0.20392156862745098,
        0.20392156862745098,
        0.20392156862745098,
        0.20392156862745098,
        0.15294117647058825,
        0.1607843137254902,
        0.17254901960784313,
        0.18823529411764706,
        0.18823529411764706,
        0.18823529411764706,
        0.13725490196078433,
        0.1411764705882353,
        0.1411764705882353,
        0.1411764705882353,
        0.1411764705882353,
        0.1411764705882353
      ],
      "target_median": 0.19607843137254902
    },
    "assets\\characters\\player_preview\\female\\light\\black\\walk_cycle_ponytail.png": {
      "recolored_pixels": 82770,
      "frame_medians_before": [
        0.21176470588235294,
        0.2235294117647059,
        0.2235294117647059,
        0.2196078431372549,
        0.2235294117647059,
        0.2196078431372549,
        0.2196078431372549,
        0.21568627450980393,
        0.2235294117647059,
        0.22745098039215686,
        0.2196078431372549,
        0.2196078431372549,
        0.21568627450980393,
        0.21176470588235294,
        0.2196078431372549,
        0.2196078431372549,
        0.21568627450980393,
        0.2196078431372549,
        0.1803921568627451,
        0.17647058823529413,
        0.1843137254901961,
        0.1803921568627451,
        0.1803921568627451,
        0.1803921568627451
      ],
      "target_median": 0.2196078431372549
    },
    "assets\\characters\\player_preview\\female\\light\\black\\walk_cycle_short.png": {
      "recolored_pixels": 58866,
      "frame_medians_before": [
        0.18823529411764706,
        0.18823529411764706,
        0.18823529411764706,
        0.18823529411764706,
        0.18823529411764706,
        0.1843137254901961,
        0.19607843137254902,
        0.19607843137254902,
        0.19607843137254902,
        0.19607843137254902,
        0.19215686274509805,
        0.19215686274509805,
        0.19607843137254902,
        0.19215686274509805,
        0.19607843137254902,
        0.2,
        0.2,
        0.19607843137254902,
        0.19215686274509805,
        0.19019607843137254,
        0.19215686274509805,
        0.19215686274509805,
        0.18823529411764706,
        0.19215686274509805
      ],
      "target_median": 0.19215686274509805
    },
    "assets\\characters\\player_preview\\male\\medium\\black\\walk_cycle_buzz.png": {
      "recolored_pixels": 32494,
      "frame_medians_before": [
        0.24313725490196078,
        0.24705882352941178,
        0.25098039215686274,
        0.25098039215686274,
        0.24705882352941178,
        0.24313725490196078,
        0.2549019607843137,
        0.2549019607843137,
        0.25882352941176473,
        0.2627450980392157,
        0.2627450980392157,
        0.25882352941176473,
        0.27058823529411763,
        0.2823529411764706,
        0.2784313725490196,
        0.2784313725490196,
        0.2823529411764706,
        0.2823529411764706,
        0.27450980392156865,
        0.27058823529411763,
        0.27450980392156865,
        0.27450980392156865,
        0.27450980392156865,
        0.27450980392156865
      ],
      "target_median": 0.26666666666666666
    },
    "assets\\characters\\player_preview\\male\\medium\\black\\walk_cycle_long.png": {
      "recolored_pixels": 47150,
      "frame_medians_before": [
        0.18823529411764706,
        0.19215686274509805,
        0.19607843137254902,
        0.20784313725490197,
        0.18823529411764706,
        0.2,
        0.17254901960784313,
        0.16470588235294117,
        0.1843137254901961,
        0.17647058823529413,
        0.17254901960784313,
        0.1803921568627451,
        0.1843137254901961,
        0.17647058823529413,
        0.17254901960784313,
        0.1843137254901961,
        0.1843137254901961,
        0.1784313725490196,
        0.17647058823529413,
        0.16862745098039217,
        0.17254901960784313,
        0.17254901960784313,
        0.17254901960784313,
        0.17254901960784313
      ],
      "target_median": 0.17745098039215687
    },
    "assets\\characters\\player_preview\\male\\medium\\black\\walk_cycle_short.png": {
      "recolored_pixels": 11360,
      "frame_medians_before": [
        0.28823529411764703,
        0.21176470588235294,
        0.24313725490196078,
        0.23529411764705882,
        0.21568627450980393,
        0.21176470588235294,
        0.2901960784313726,
        0.2549019607843137,
        0.29411764705882354,
        0.29411764705882354,
        0.27647058823529413,
        0.2549019607843137,
        0.30196078431372547,
        0.30196078431372547,
        0.27450980392156865,
        0.27647058823529413,
        0.30980392156862746,
        0.2980392156862745,
        0.24313725490196078,
        0.23921568627450981,
        0.25882352941176473,
        0.23529411764705882,
        0.24705882352941178,
        0.2549019607843137
      ],
      "target_median": 0.2568627450980392
    }
  }
}